,Director_ID,Director
0,0,Bobcat Goldthwait
1,1,Greg Whiteley
2,2,Tony Craig
3,3,Jamie Mitchell
4,4,Vincent Grashaw
5,5,Douglas McCarthy
6,6,Will Gluck
7,7,Christophe Honoré
8,8,Dave Stewart
9,9,Markus Imboden
10,10,Bethany Ashton Wolf
11,11,Jay Karas
12,12,David Briggs
13,13,Brittany Goodwin
14,14,Piotr Domalewski
15,15,Sam Liu
16,16,Fritz Böhm
17,17,Rob W. King
18,18,Miguel 'M.i.G.' Martinez
19,19,Pat Mills
20,20,Nicholas Schrunk
21,21,Jason Hehir
22,22,Stephen C. Sepher
23,23,Kaspar Astrup Schröder
24,24,John Schultz
25,25,Roseanne Liang
26,26,Scott Cooper
27,27,Wes Ball
28,28,Christian Gudegast
29,29,Hoon-jung Park
30,30,Jake Kasdan
31,31,Mark Waters
32,32,Álex de la Iglesia
33,33,Barry Levinson
34,34,Gustav Deutsch
35,35,Makoto Shinkai
36,36,JR
37,37,Steven Spielberg
38,38,Naoto Kumazawa
39,39,Takahiro Miki
40,40,Lynne Ramsay
41,41,Karen Moncrieff
42,42,David Leveaux
43,43,Vivienne De Courcy
44,44,István Szabó
45,45,Tom Konkle
46,46,Lynn Shelton
47,47,Heber Cannon
48,48,Cameron Crowe
49,49,Mitch Davis
50,50,Jeffrey C. Bell
51,51,Nicolai Fuglsig
52,52,Jaume Collet-Serra
53,53,Mikhail Red
54,54,Lucky McKee
55,55,Jed Rothstein
56,56,Israel Adrián Caetano
57,57,Olivia Newman
58,58,Yûji Shimomura
59,59,W.D. Hogan
60,60,Michael Haneke
61,61,Hirokazu Koreeda
62,62,Hiromasa Yonebayashi
63,63,Adam Rifkin
64,64,John Carroll Lynch
65,65,Paul Thomas Anderson
66,66,Aaron Sorkin
67,67,Lars Kraume
68,68,Takashi Miike
69,69,Lynsey Miller
70,70,Eshom Nelms
71,71,Jan Verheyen
72,72,Yukiko Mishima
73,73,Kiyoshi Kurosawa
74,74,Sophie Fiennes
75,75,Ridley Scott
76,76,Jason Kwan
77,77,Anders Walter
78,78,Michael Larnell
79,79,Paul McGuigan
80,80,Amy Berg
81,81,Robert Collector
82,82,Naomi Kawase
83,83,Britta Sjogren
84,84,Lance Malbon
85,85,Michael Gracey
86,86,Richie Adams
87,87,Zak Bagans
88,88,Nick Ebeling
89,89,Jakob M. Erwa
90,90,Todd Haynes
91,91,James D. Solomon
92,92,Daniel Raim
93,93,Andrea Marini
94,94,Soi Cheang
95,95,Tatsuma Minamikawa
96,96,Zhangke Jia
97,97,Woody Allen
98,98,Ming-liang Tsai
99,99,Paul Crompton
100,100,Annekatrin Hendel
101,101,Agustí Villaronga
102,102,Daniel Barnz
103,103,Alex Garland
104,104,Takeshi Kitano
105,105,Tarik Saleh
106,106,Rian Johnson
107,107,Lav Diaz
108,108,Martin Zandvliet
109,109,Anand Tiwari
110,110,Shubhashish Bhutiani
111,111,Ethan Spaulding
112,112,Alex Haughey
113,113,Trish Sie
114,114,Shawn Christensen
115,115,Guillermo del Toro
116,116,Yong-hwa Kim
117,117,Jan Sverák
118,118,Anthony Chen
119,119,Michael Moore
120,120,Paul King
121,121,Jeff Orlowski
122,122,Chris Moukarbel
123,123,Emer Reynolds
124,124,Andrey Zvyagintsev
125,125,Bryan Fogel
126,126,Paco Plaza
127,127,Rezo Gigineishvili
128,128,Naotarô Endô
129,129,Árpád Sopsits
130,130,Uberto Pasolini
131,131,Darragh Byrne
132,132,Martin McDonagh
133,133,Xavier Dolan
134,134,Craig Gillespie
135,135,Nora Twomey
136,136,Chris Alonso
137,137,Maggie Betts
138,138,Antti-Jussi Annila
139,139,Carlos Saldanha
140,140,Óskar Thór Axelsson
141,141,Dash Shaw
142,142,Paul Andrew Williams
143,143,Óscar Aibar
144,144,Oriol Paulo
145,145,Vlad Yudin
146,146,Ruben Östlund
147,147,Hang-jun Zhang
148,148,Sébastien Laudenbach
149,149,Michael Carney
150,150,Anna van der Heide
151,151,Sergio G. Sánchez
152,152,James Franco
153,153,Bharat Nalluri
154,154,Julia Ducournau
155,155,Kasper Collin
156,156,Emil Ben-Shimon
157,157,Aitor Arregi
158,158,Ferne Pearlstein
159,159,Ai Weiwei
160,160,Sacha Jenkins
161,161,Sunao Katabuchi
162,162,Cristian Mungiu
163,163,Seung-wan Ryoo
164,164,Armando Iannucci
165,165,Wilson Yip
166,166,Paul Hoen
167,167,Luke Scott
168,168,Hun Jang
169,169,Joo-hwan Kim
170,170,Ranjit Tiwari
171,171,Alexis Bloom
172,172,Juho Kuosmanen
173,173,Bo Burnham
174,174,Michael Dudok de Wit
175,175,Tyler MacIntyre
176,176,Kogonada
177,177,Luca Guadagnino
178,178,Jennifer Peedom
179,179,Bill Morrison
180,180,Benny Safdie
181,181,Joshua Z Weinstein
182,182,Drake Doremus
183,183,Ceyda Torun
184,184,Anurag Basu
185,185,Dee Rees
186,186,Stanley Tucci
187,187,Claude Barras
188,188,Asghar Farhadi
189,189,Raoul Peck
190,190,Greta Gerwig
191,191,Valérie Müller
192,192,Marco Bellocchio
193,193,Rungano Nyoni
194,194,Maggie Greenwald
195,195,Zack Snyder
196,196,Bill Ross IV
197,197,Jared Moshe
198,198,Patrick Wang
199,199,Joe Wright
200,200,Bryan Buckley
201,201,Adam Pfleghaar
202,202,Matt D'Avella
203,203,Dome Karukoski
204,204,Joachim Trier
205,205,Marc Meyers
206,206,Ari Sandel
207,207,Jameson Brooks
208,208,David Bruckner
209,209,Jesse V. Johnson
210,210,Lee Unkrich
211,211,Kenneth Branagh
212,212,Charles Norton
213,213,Jun Gu
214,214,Sean Anders
215,215,Sean Baker
216,216,Joseph Kosinski
217,217,Francis Lee
218,218,Stephen Chbosky
219,219,Gilles Paquet-Brenner
220,220,Dan Gilroy
221,221,Jeremy Rush
222,222,Myles Kane
223,223,Margaret Brown
224,224,Ben Bowie
225,225,Noah Baumbach
226,226,Ritesh Batra
227,227,Jon Alpert
228,228,Shalini Kantayya
229,229,Craig Leeson
230,230,Zak Hilditch
231,231,David Ayer
232,232,Taika Waititi
233,233,Robert Hughes
234,234,Jamie M. Dagg
235,235,Rob Reiner
236,236,Jake Goldberger
237,237,Janus Metz
238,238,Robert Kirbyson
239,239,Richard Linklater
240,240,Yorgos Lanthimos
241,241,Adrian Wood
242,242,Justin Pemberton
243,243,Jason Hall
244,244,Angela Robinson
245,245,Simon Curtis
246,246,Stewart Sugg
247,247,Dorota Kobiela
248,248,Christopher Landon
249,249,Denis Villeneuve
250,250,Jayson Thiessen
251,251,Martin Campbell
252,252,Reginald Hudlin
253,253,Danny Strong
254,254,S. Craig Zahler
255,255,John Scheinfeld
256,256,Peter Landesman
257,257,Jonathan Dayton
258,258,Joe Lynch
259,259,Mike White
260,260,Andy Serkis
261,261,Matthew Heineman
262,262,Andy Muschietti
263,263,Hany Abu-Assad
264,264,Doug Nichol
265,265,Charlie Bean
266,266,David Gordon Green
267,267,Stephen Frears
268,268,Darren Aronofsky
269,269,Jack Heller
270,270,Christopher Nolan
271,271,Doug Liman
272,272,Daryl Goodrich
273,273,Sally Potter
274,274,Kathryn Bigelow
275,275,Matthew Vaughn
276,276,Chris Peckover
277,277,Terry Cunningham
278,278,Fabien Dufils
279,279,Justin Chon
280,280,John K.D. Graham
281,281,Steve Buscemi
282,282,Steven Zaillian
283,283,Michael Damian
284,284,Rick Morales
285,285,Kasra Farahani
286,286,Aleksey Tsitsilin
287,287,Michael Cuesta
288,288,Julian Jarrold
289,289,Kevin Phillips
290,290,Matt Schrader
291,291,Justin Chadwick
292,292,Mark Palansky
293,293,Steven Soderbergh
294,294,Patrick Hughes
295,295,Luc Besson
296,296,Eliza Hittman
297,297,Geremy Jasper
298,298,Alankrita Shrivastava
299,299,Juan Carlos Medina
300,300,Paco Arango
301,301,Dave McCary
302,302,Taylor Sheridan
303,303,David Leitch
304,304,Asif Kapadia
305,305,Destin Daniel Cretton
306,306,Greg McLean
307,307,Matt Spicer
308,308,Brian Fee
309,309,John Erick Dowdle
310,310,Douglas Barr
311,311,Julian Rosefeldt
312,312,Aisling Walsh
313,313,Gurinder Chadha
314,314,Mark Williams
315,315,Michael Arias
316,316,Matt Reeves
317,317,David F. Sandberg
318,318,Alain Desrochers
319,319,Cédric Jimenez
320,320,Trent Haaga
321,321,Malcolm D. Lee
322,322,Toa Fraser
323,323,Jon Watts
324,324,Benedict Andrews
325,325,Rob Bruce
326,326,Ben Howling
327,327,Sofia Coppola
328,328,Fran Strine
329,329,Edgar Wright
330,330,Kelly Reichardt
331,331,Cate Shortland
332,332,Kenneth Powell
333,333,Colin Trevorrow
334,334,Nicholas Verso
335,335,Herman Yau
336,336,David Lowery
337,337,Terrence Malick
338,338,Kyle Balda
339,339,Jonathan Teplitzky
340,340,Paul McEvoy
341,341,Bank Tangjaitrong
342,342,Joachim Rønning
343,343,Brett Haley
344,344,Michael Showalter
345,345,Yi Ge
346,346,Nick Broomfield
347,347,Patty Jenkins
348,348,Sean Foley
349,349,Trey Edward Shults
350,350,Liam Gavin
351,351,Jonny Owen
352,352,Zoe Lister-Jones
353,353,Laura Poitras
354,354,David Soren
355,355,Michael Apted
356,356,Gabriela Cowperthwaite
357,357,Chuan Lu
358,358,Roger Michell
359,359,William Oldroyd
360,360,Todd Solondz
361,361,Morgan Matthews
362,362,Joseph Ruben
363,363,James Gunn
364,364,Hideaki Anno
365,365,Jon Gunn
366,366,Philippe Falardeau
367,367,Todor Chapkanov
368,368,Ric Roman Waugh
369,369,Robin Swicord
370,370,Guy Ritchie
371,371,Zach Braff
372,372,John Jencks
373,373,Nacho Vigalondo
374,374,Hope Dickson Leach
375,375,Terence Davies
376,376,Rupert Sanders
377,377,Marc Webb
378,378,Tom McGrath
379,379,Ken Loach
380,380,Nick Morris
381,381,Bejoy Nambiar
382,382,Terry George
383,383,Ben Wheatley
384,384,Sarah Adina Smith
385,385,Ron Scalpello
386,386,Takanori Tsujimoto
387,387,James Gray
388,388,F. Gary Gray
389,389,Lone Scherfig
390,390,Brian Goodman
391,391,Susumu Kudo
392,392,Kazuchika Kise
393,393,Phil Volken
394,394,Jordan Vogt-Roberts
395,395,John Cameron Mitchell
396,396,Junfeng Boo
397,397,Miguel Arteta
398,398,Ron Maxwell
399,399,Niki Caro
400,400,Kriv Stenders
401,401,Vincent Perez
402,402,Dean Israelite
403,403,Otto Bell
404,404,Dax Shepard
405,405,Thomas Napper
406,406,Daniel Espinosa
407,407,János Edelényi
408,408,Alice Lowe
409,409,Matthew O'Callaghan
410,410,Adrian Buitenhuis
411,411,Chris McKay
412,412,Chad Stahelski
413,413,Saul Swimmer
414,414,Victor Salva
415,415,Mark Pellington
416,416,Philippa Lowthorpe
417,417,Gore Verbinski
418,418,Roger Donaldson
419,419,Danny Boyle
420,420,Sean Byrne
421,421,James Mangold
422,422,Neeraj Pandey
423,423,Bill Condon
424,424,Nathan Morlando
425,425,Stuart Hazeldine
426,426,Ry Russo-Young
427,427,Catherine Hardwicke
428,428,Taylor Congdon
429,429,Jordan Peele
430,430,Yimou Zhang
431,431,Jean-Pierre Jeunet
432,432,Rob Sitch
433,433,Peter Chelsom
434,434,Shaun Pettigrew
435,435,Akan Satayev
436,436,Peter Middleton
437,437,Lasse Hallström
438,438,Stephen Gaghan
439,439,Jee-woon Kim
440,440,Jason Cohen
441,441,Rachel Tunnard
442,442,Olivier Assayas
443,443,Damien Chazelle
444,444,Justin Tipping
445,445,André Øvredal
446,446,Eric Summer
447,447,she is also more than she seems. Is the newest Teen Titan an ally or a threat? And what are the mercenary Deathstroke's plans for the Titans?
448,448,John Lee Hancock
449,449,Johannes Grenzfurthner
450,450,M. Night Shyamalan
451,451,Martin Koolhoven
452,452,Garth Davis
453,453,Theodore Melfi
454,454,Jim Jarmusch
455,455,Amma Asante
456,456,Gareth Edwards
457,457,Peter Berg
458,458,John Hamburg
459,459,Martin Scorsese
460,460,Mike Mills
461,461,Anna Biller
462,462,Ben Affleck
463,463,Garth Jennings
464,464,John Madden
465,465,Antonio Campos
466,466,Denzel Washington
467,467,Morten Tyldum
468,468,Roger Spottiswoode
469,469,David Yates
470,470,David Frankel
471,471,Pablo Larraín
472,472,Nicolas Pesce
473,473,Ron Clements
474,474,Scott Derrickson
475,475,Barry Jenkins
476,476,Robert Zemeckis
477,477,Tom Ford
478,478,J.A. Bayona
479,479,Kenneth Lonergan
480,480,Mel Gibson
481,481,Shi-Zheng Chen
482,482,Will Slocombe
483,483,Ben Younger
484,484,Kelly Fremon Craig
485,485,Rosemary Myers
486,486,Jeroen Jaspaert
487,487,Christian Carion
488,488,Ang Lee
489,489,Alexandre Aja
490,490,Ewan McGregor
491,491,Jay Oliva
492,492,David E. Talbert
493,493,Mike Mitchell
494,494,William Kaufman
495,495,Stephen Dunn
496,496,Chris McCoy
497,497,Edward Zwick
498,498,Mira Nair
499,499,Colm McCarthy
500,500,Matt Johnson
501,501,Jon East
502,502,Derek Cianfrance
503,503,Mike Flanagan
504,504,Ron Howard
505,505,Tate Taylor
506,506,Brett Sullivan
507,507,Noel Clarke
508,508,Martin Kemp
509,509,Gavin O'Connor
510,510,Nate Parker
511,511,Steve Carr
512,512,Blake Kueny
513,513,David Hunt
514,514,Billy O'Brien
515,515,Mick Jackson
516,516,Ti West
517,517,Sang-ho Yeon
518,518,Andrea Arnold
519,519,Jon Klaczkiewicz
520,520,Ricky Gervais
521,521,Oliver Stone
522,522,Adam Nimoy
523,523,John Krasinski
524,524,Antoine Fuqua
525,525,Werner Herzog
526,526,Tim Burton
527,527,Clint Eastwood
528,528,Nicholas Stoller
529,529,Benjamin Turner
530,530,Richard Tanne
531,531,Sharon Maguire
532,532,Knate Lee
533,533,Mike Birbiglia
534,534,Courtney Hunt
535,535,Chad Hartigan
536,536,Madellaine Paxson
537,537,Paul Greengrass
538,538,Stephen Herek
539,539,Fede Alvarez
540,540,Jean-Loup Felicioli
541,541,David Mackenzie
542,542,Travis Knight
543,543,Galen T. Chu
544,544,Andrew Nackman
545,545,Todd Phillips
546,546,Chris Renaud
547,547,Mat Whitecross
548,548,Emily Ting
549,549,Jonathan Jakubowicz
550,550,Michael Grandage
551,551,James Schamus
552,552,Andrew Stanton
553,553,Luke Cresswell
554,554,Bruce Beresford
555,555,Greg Tiernan
556,556,Daniel Ragussis
557,557,Sean Ellis
558,558,Justin Lin
559,559,Jon Lucas
560,560,Greg MacGillivray
561,561,Matt Ross
562,562,Henry Joost
563,563,Larry Blamire
564,564,Jonás Cuarón
565,565,Jeremy Coon
566,566,Amir Amirani
567,567,Jean-François Richet
568,568,Rush Sturges
569,569,Brad Furman
570,570,James Bobin
571,571,Jake Szymanski
572,572,Colin Offland
573,573,James DeMonaco
574,574,Dan Kwan
575,575,Takeshi Nozue
576,576,Mark Waring
577,577,Keira Knightley
578,578,Nicolas Winding Refn
579,579,Tommy Wirkola
580,580,William Lau
581,581,Alex Gibney
582,582,Anna Rose Holmer
583,583,Ben Jones
584,584,Gary Ross
585,585,Rawson Marshall Thurber
586,586,Duncan Jones
587,587,Bryan Singer
588,588,Jay Roach
589,589,Lorene Scafaria
590,590,Dave Green
591,591,Atom Egoyan
592,592,David Farr
593,593,Susanna White
594,594,Akiva Schaffer
595,595,Liz Garbus
596,596,Levan Bakhia
597,597,Whit Stillman
598,598,Anthony Russo
599,599,James Wan
600,600,Gus Van Sant
601,601,Paul Katis
602,602,John Boorman
603,603,Wayne Blair
604,604,Brian Dannelly
605,605,Vic Armstrong
606,606,Jon M. Chu
607,607,James Watkins
608,608,Jacques Audiard
609,609,Matt Brown
610,610,Thea Sharrock
611,611,Jodie Foster
612,612,Tim Divar
613,613,Rebecca Miller
614,614,Shane Black
615,615,Jon Favreau
616,616,Jeff Zimbalist
617,617,John Goldschmidt
618,618,Tom Tykwer
619,619,Cedric Nicolas-Troyan
620,620,Clay Kaytis
621,621,they grow and learn about life and its obstacles.
622,622,Tom Vaughan
623,623,Brian DeCubellis
624,624,Robert Budreau
625,625,Rick Famuyiwa
626,626,Peter Atencio
627,627,Melissa R. Butts
628,628,James Cameron
629,629,Robert Carlyle
630,630,Rachael Moriarty
631,631,Ariel Vromen
632,632,Ilya Naishuller
633,633,David Keane
634,634,John Carney
635,635,Mark Cousins
636,636,Kevin Reynolds
637,637,Liza Johnson
638,638,Jean-Marc Vallée
639,639,Don Cheadle
640,640,Tom Hooper
641,641,Jeremy Saulnier
642,642,Renny Harlin
643,643,Gabriel Clarke
644,644,Kenny Ortega
645,645,Robert Schwentke
646,646,Matt Peters
647,647,Gary Winick
648,648,Kirk Jones
649,649,Tim Blake Nelson
650,650,Gerardo Olivares
651,651,Christian Sesma
652,652,Jonathan Hock
653,653,David Anspaugh
654,654,Gareth Evans
655,655,Patricia Riggen
656,656,Robert B. Weide
657,657,Glenn Ficarra
658,658,Leigh Whannell
659,659,Brian Baugh
660,660,Gavin Hood
661,661,Mark Krenzien
662,662,Neil Armfield
663,663,Florian Gallenberger
664,664,Alessandro Carloni
665,665,Dexter Fletcher
666,666,Jeff Nichols
667,667,Spike Lee
668,668,Frank Hall Green
669,669,Isaac Florentine
670,670,Walter Hill
671,671,Joel Schumacher
672,672,Dan Trachtenberg
673,673,Louis Leterrier
674,674,Paul Dalio
675,675,Robert Altman
676,676,Jonathan Hensleigh
677,677,Kim Chapiron
678,678,Cary Joji Fukunaga
679,679,Bob Nelson
680,680,Michael Bay
681,681,Duke Johnson
682,682,Paco Cabezas
683,683,Ethan Coen
684,684,Ben Verbong
685,685,Sylvester Stallone
686,686,Takuji Endo
687,687,Shinji Aramaki
688,688,Chris Smith
689,689,Jason Krawczyk
690,690,Byron Howard
691,691,Darren Lynn Bousman
692,692,Stephen Hopkins
693,693,Christian Vuissa
694,694,John Hillcoat
695,695,Christian Ditter
696,696,Neil LaBute
697,697,David Bowers
698,698,Yoshiaki Kawajiri
699,699,Robert Eggers
700,700,Dan Ireland
701,701,Ernie Barbarash
702,702,Tim Miller
703,703,William Brent Bell
704,704,Stephen Farrelly
705,705,Ross Katz
706,706,Maclain Nelson
707,707,Darnell Martin
708,708,Douglas Tirola
709,709,David O. Russell
710,710,Stephen Poliakoff
711,711,Alex Winter
712,712,Karyn Kusama
713,713,Stephen Fingleton
714,714,Michael Dougherty
715,715,James Ponsoldt
716,716,John Dahl
717,717,Boaz Yakin
718,718,George Hickenlooper
719,719,Alejandro G. Iñárritu
720,720,Fernando León de Aranoa
721,721,Baillie Walsh
722,722,Susanne Bier
723,723,Patrick Alessandrin
724,724,Jill Sprecher
725,725,Raul Garcia
726,726,John Downer
727,727,Robert Ethan Gunnerson
728,728,Jon Cassar
729,729,J.J. Abrams
730,730,Erik Canuel
731,731,Myroslav Slaboshpytskyi
732,732,Jonathon Narducci
733,733,Chris Eigeman
734,734,Sean Mewshaw
735,735,Charles Sturridge
736,736,David Hollander
737,737,Quentin Dupieux
738,738,Francis Lawrence
739,739,Guy Maddin
740,740,Adam Brooks
741,741,Peter Sollett
742,742,David Twohy
743,743,Quentin Tarantino
744,744,Jason Moore
745,745,Owen Harris
746,746,David Block
747,747,Steve Jacobs
748,748,Adam McKay
749,749,Jean-François Pouliot
750,750,Alister Grierson
751,751,Todd Robinson
752,752,Nicholas Hytner
753,753,Marcel Langenegger
754,754,Steve Martino
755,755,Adam Alleca
756,756,Louie Psihoyos
757,757,Marc Forster
758,758,Jocelyn Moorhouse
759,759,Ben Stiller
760,760,John Crowley
761,761,Michael Dowse
762,762,Jonathan Levine
763,763,Lenny Abrahamson
764,764,Don Hardy Jr.
765,765,Michael Winterbottom
766,766,Florian Cossen
767,767,Nimród Antal
768,768,Ryan Coogler
769,769,Antoine Bardou-Jacquet
770,770,Angelo Pizzo
771,771,Tom McCarthy
772,772,Billy Ray
773,773,Christopher Guest
774,774,Colin Jones
775,775,Rob Zombie
776,776,Stephen Quay
777,777,Peter Sohn
778,778,Chris Dowling
779,779,Nelson George
780,780,Tadayoshi Yamamuro
781,781,Susan Stroman
782,782,Lasse Hoile
783,783,Paul Gross
784,784,Colin Hanks
785,785,Pascal Laugier
786,786,Paul Weitz
787,787,James Gartner
788,788,Stuart McDonald
789,789,Scott Teems
790,790,Justin Kurzel
791,791,Jeremy Sims
792,792,Steve Fisher
793,793,together the trio must evade the authorities who fear that the truth in Mustafa's words will incite rebellion.
794,794,Sarah Gavron
795,795,Breck Eisner
796,796,Daniel Barber
797,797,Ramin Bahrani
798,798,George Gallo
799,799,Jesse Dylan
800,800,J.B. Rogers
801,801,Andrea Di Stefano
802,802,Dearbhla Walsh
803,803,P.J. Hogan
804,804,Sam Mendes
805,805,Brian Helgeland
806,806,James Vanderbilt
807,807,Shannon Hartman
808,808,Chris Buck
809,809,Jason Lei Howden
810,810,Anton Corbijn
811,811,Patrick Swayze
812,812,Rob Letterman
813,813,Gabriele Muccino
814,814,Daniel Lee
815,815,Nelson McCormick
816,816,Chris Evans
817,817,Scott Wiper
818,818,Danny Cannon
819,819,Afonso Poyart
820,820,Michael Almereyda
821,821,Tony McNamara
822,822,Andrew Erwin
823,823,Nancy Meyers
824,824,Andrew Haigh
825,825,Anand Gandhi
826,826,Roman Polanski
827,827,John Wells
828,828,Marielle Heller
829,829,Kieran Mulroney
830,830,Jeremy Grant
831,831,Genndy Tartakovsky
832,832,Maya Forbes
833,833,Leslye Headland
834,834,Anthony Wonke
835,835,Baltasar Kormákur
836,836,Ken Kwapis
837,837,Heung-sik Park
838,838,Jordan Scott
839,839,John Herzfeld
840,840,Alan Parker
841,841,Scott Mann
842,842,Max Joseph
843,843,Matthew Parkhill
844,844,Hervé Martin-Delpierre
845,845,James L. Brooks
846,846,Vaughan Sivell
847,847,Alex Kendrick
848,848,Arlene Sanford
849,849,Benedict Lim
850,850,Trey Nelson
851,851,Stephen Kijak
852,852,David S. Goyer
853,853,Terry Jones
854,854,Daniel Ferguson
855,855,David Mirkin
856,856,Stephen Bradley
857,857,Adam Rodgers
858,858,Stephen Daldry
859,859,Gaspar Noé
860,860,Mark Osborne
861,861,Anna Boden
862,862,Robert Gordon
863,863,Peyton Reed
864,864,Kyle Patrick Alvarez
865,865,Seth MacFarlane
866,866,Paolo Sorrentino
867,867,Dong-hoon Choi
868,868,Stevan Riley
869,869,Jimmy Chin
870,870,Nima Nourizadeh
871,871,Judd Apatow
872,872,Joel Edgerton
873,873,John Francis Daley
874,874,Tarsem Singh
875,875,Marc Munden
876,876,Don McKellar
877,877,Deborah Chow
878,878,Ron Dalrymple
879,879,Todd Strauss-Schulson
880,880,Joss Whedon
881,881,Doug Ellin
882,882,Brad Bird
883,883,Alfonso Gomez-Rejon
884,884,Jeff Barnaby
885,885,Brad Peyton
886,886,Alan Taylor
887,887,Martyn Atkins
888,888,Jon Long
889,889,Chris Wedge
890,890,Alejandro Monteverde
891,891,Christopher McQuarrie
892,892,Craig Zobel
893,893,Lexi Alexander
894,894,Laurie Collyer
895,895,Brett Ratner
896,896,Pete Docter
897,897,Jérôme Salle
898,898,Ruben Fleischer
899,899,David Fincher
900,900,Kevin Smith
901,901,Francis Ford Coppola
902,902,George C. Wolfe
903,903,Adam Wingard
904,904,Jason Reitman
905,905,Kiah Roache-Turner
906,906,Rob Schmidt
907,907,Rich Moore
908,908,Fred Schepisi
909,909,Lauren Montgomery
910,910,Benedek Fliegauf
911,911,Akiva Goldsman
912,912,Debra Granik
913,913,Stephen J. Anderson
914,914,John Woo
915,915,Richard Loncraine
916,916,Nick Moore
917,917,Joe Berlinger
918,918,Roland Emmerich
919,919,Gregg Araki
920,920,Spike Jonze
921,921,Thomas Carter
922,922,Mark Mylod
923,923,Jemaine Clement
924,924,Andy Hamilton
925,925,Scott McGehee
926,926,David Wain
927,927,Eran Creevy
928,928,David Dobkin
929,929,Randall Wallace
930,930,Sacha Bennett
931,931,McG
932,932,Ben C. Lucas
933,933,Philip G. Atwell
934,934,Timur Bekmambetov
935,935,Kevin Bray
936,936,Steven Brill
937,937,Rob McKittrick
938,938,Geoffrey Fletcher
939,939,Simon Barrett
940,940,Naomi Foner
941,941,Rob Thomas
942,942,Pete Travis
943,943,Walt Becker
944,944,Stephen Sommers
945,945,James McTeigue
946,946,Shane Carruth
947,947,Juan Solanas
948,948,Gregory Hoblit
949,949,Gregor Jordan
950,950,Tony Scott
951,951,Adrian Lyne
952,952,Patrick Tatopoulos
953,953,Len Wiseman
954,954,Måns Mårlind
955,955,Audrey Wells
956,956,Jonathan Glazer
957,957,Dan Cutforth
958,958,Daniel Lindsay
959,959,Angelina Jolie
960,960,Jonathan Mostow
961,961,Paddy Considine
962,962,Max Nichols
963,963,D.J. Caruso
964,964,Sergio Castellitto
965,965,David Hare
966,966,Eli Craig
967,967,Richard De Aragues
968,968,Rupert Goold
969,969,Wolfgang Petersen
970,970,Robert Lorenz
971,971,Pascal Franchot
972,972,Christopher Smith
973,973,Brad Anderson
974,974,Olivier Megaton
975,975,Wally Pfister
976,976,Jeffrey Nachmanoff
977,977,John Curran
978,978,Simon Klose
979,979,Kevin Macdonald
980,980,Chris Rock
981,981,Stuart Beattie
982,982,Scott Jeralds
983,983,Kevin Munroe
984,984,Tomas Alfredson
985,985,Klay Hall
986,986,Steve Loter
987,987,Bradley Raymond
988,988,Teller
989,989,Bradley King
990,990,Jeremy Degruson
991,991,Pat Kiely
992,992,Lorraine Ashbourne
993,993,Benjamin Ross
994,994,Shawn Levy
995,995,Evan Goldberg
996,996,Shane Meadows
997,997,Paul Haggis
998,998,Tim Story
999,999,Paul Mariano
1000,1000,Terry Gilliam
1001,1001,Brian Klugman
1002,1002,Larysa Kondracki
1003,1003,Sean Branney
1004,1004,Jeremy Garelick
1005,1005,Nat Faxon
1006,1006,Peter Weir
1007,1007,Kenny Leon
1008,1008,Jay Russell
1009,1009,Russell Crowe
1010,1010,Sngmoo Lee
1011,1011,Michael Sucsy
1012,1012,Marjane Satrapi
1013,1013,Matthew Ryan Hoge
1014,1014,Charles Guard
1015,1015,Robert Luketic
1016,1016,Hossein Amini
1017,1017,Francesca Gregorini
1018,1018,Jacob Tierney
1019,1019,Matthijs van Heijningen Jr.
1020,1020,James Marsh
1021,1021,Sam Fell
1022,1022,Adam Robitel
1023,1023,Josh Gordon
1024,1024,Nick Love
1025,1025,Tommy Lee Jones
1026,1026,Phil Alden Robinson
1027,1027,Bryan Bertino
1028,1028,Paul Tibbitt
1029,1029,Jon Turteltaub
1030,1030,Craig Johnson
1031,1031,Iain Softley
1032,1032,William Eubank
1033,1033,Clio Barnard
1034,1034,Paul Hyett
1035,1035,Frank Oz
1036,1036,Kristian Levring
1037,1037,Bruce Robinson
1038,1038,Wes Anderson
1039,1039,David Michôd
1040,1040,Peter Cattaneo
1041,1041,Mikael Håfström
1042,1042,Jeremiah S. Chechik
1043,1043,Marc Lawrence
1044,1044,Chris Eska
1045,1045,Howard Deutch
1046,1046,Bart Freundlich
1047,1047,Anne Fletcher
1048,1048,Peter Lord
1049,1049,Peggy Holmes
1050,1050,Philipp Stölzl
1051,1051,Nick Tomnay
1052,1052,Alejandro Amenábar
1053,1053,Nick Cassavetes
1054,1054,Charlie McDowell
1055,1055,Peter Hedges
1056,1056,Ryan Murphy
1057,1057,David Robert Mitchell
1058,1058,Tony Mahony
1059,1059,Alan Polsky
1060,1060,George Clooney
1061,1061,Frank Darabont
1062,1062,Oren Moverman
1063,1063,Grant Heslov
1064,1064,Simon West
1065,1065,Lana Wachowski
1066,1066,Elia Petridis
1067,1067,Jeong-beom Lee
1068,1068,Richard Schenkman
1069,1069,Peter Hewitt
1070,1070,Caradog W. James
1071,1071,Scott Hicks
1072,1072,Peter Jackson
1073,1073,Sylvain White
1074,1074,Scott Frank
1075,1075,Peter Segal
1076,1076,George Tillman Jr.
1077,1077,Erik Van Looy
1078,1078,Josh Lawson
1079,1079,Phil Lord
1080,1080,Matthew Chapman
1081,1081,John Glenn
1082,1082,Dereck Joubert
1083,1083,Alejandro Agresti
1084,1084,Lisa Cholodenko
1085,1085,Harald Zwart
1086,1086,John Maybury
1087,1087,Phyllida Lloyd
1088,1088,Ralph Fiennes
1089,1089,Sydney Pollack
1090,1090,Ben Palmer
1091,1091,Damon Beesley
1092,1092,Bart Layton
1093,1093,Neil Burger
1094,1094,Daniel Nettheim
1095,1095,Paul Feig
1096,1096,John McNaughton
1097,1097,Scott Roberts
1098,1098,Andrew Davis
1099,1099,Joe Carnahan
1100,1100,Bill Paxton
1101,1101,Baz Luhrmann
1102,1102,Sean McGinly
1103,1103,Robert De Niro
1104,1104,Chris Weitz
1105,1105,Phillip Noyce
1106,1106,Luke Greenfield
1107,1107,Sam Raimi
1108,1108,Lee Kirk
1109,1109,Rupert Wyatt
1110,1110,Scott Walker
1111,1111,Rob Minkoff
1112,1112,Manny Rodriguez
1113,1113,Edward Burns
1114,1114,Jonathan Kasdan
1115,1115,Jonah Bekhor
1116,1116,Josh Boone
1117,1117,Rob Cohen
1118,1118,Arie Posin
1119,1119,Aaron Woodley
1120,1120,Bobby Smyth
1121,1121,Zal Batmanglij
1122,1122,Peter Strickland
1123,1123,Saul Dibb
1124,1124,Michaël R. Roskam
1125,1125,Bernardo Bertolucci
1126,1126,Richard Ayoade
1127,1127,Tod Williams
1128,1128,Ned Benson
1129,1129,Larry Charles
1130,1130,Bernard Rose
1131,1131,Lee Tamahori
1132,1132,Jacob Estes
1133,1133,Neil Marshall
1134,1134,Alexander Payne
1135,1135,Kirk DeMicco
1136,1136,Fernando Meirelles
1137,1137,Robert Redford
1138,1138,Ari Folman
1139,1139,David Jason
1140,1140,Marcus Dunstan
1141,1141,Andrew Adamson
1142,1142,John Stephenson
1143,1143,James Hawes
1144,1144,Drew Goddard
1145,1145,Eric Bress
1146,1146,Rowan Woods
1147,1147,Mark Herman
1148,1148,Graham Annable
1149,1149,Tony Gilroy
1150,1150,Troy Duffy
1151,1151,Brian Percival
1152,1152,Jorge R. Gutiérrez
1153,1153,Albert Hughes
1154,1154,Elissa Down
1155,1155,Giuseppe Tornatore
1156,1156,Jeremy Gardner
1157,1157,John Butler
1158,1158,Jennifer Kent
1159,1159,Nick Murphy
1160,1160,Michel Hazanavicius
1161,1161,Jonathan Sobol
1162,1162,Gavin Wiesen
1163,1163,Peter Chung
1164,1164,Andrew Douglas
1165,1165,George Nolfi
1166,1166,Don Mischer
1167,1167,Michael Pavone
1168,1168,Tom Gormican
1169,1169,James Kent
1170,1170,Nathan Greno
1171,1171,John Luessenhop
1172,1172,Pierre Morel
1173,1173,Charlie Kaufman
1174,1174,Dominic Sena
1175,1175,Clark Johnson
1176,1176,Ash Brannon
1177,1177,Beth Aala
1178,1178,Michael Chang
1179,1179,James Tucker
1180,1180,Greg Mottola
1181,1181,Jay Chandrasekhar
1182,1182,Justin McMillan
1183,1183,Craig Clyde
1184,1184,Chan-wook Park
1185,1185,Michael McGowan
1186,1186,Richard Glatzer
1187,1187,Scott Speer
1188,1188,George Lucas
1189,1189,Stuart Baird
1190,1190,Fisher Stevens
1191,1191,Jim Mickle
1192,1192,John Barker
1193,1193,Donovan Marsh
1194,1194,Justin Benson
1195,1195,Kelly Asbury
1196,1196,Jessica Sharzer
1197,1197,Sean McNamara
1198,1198,George Hencken
1199,1199,Del Shores
1200,1200,Tomm Moore
1201,1201,Julius Avery
1202,1202,Jack Perez
1203,1203,M.J. Bassett
1204,1204,Joon-ho Bong
1205,1205,Joel Surnow
1206,1206,John Maclean
1207,1207,Kerry Conran
1208,1208,Moon-saeng Kim
1209,1209,Frank Miller
1210,1210,Christophe Gans
1211,1211,Chris Miller
1212,1212,Michael John Warren
1213,1213,Michael Davis
1214,1214,Jim Field Smith
1215,1215,Mark Burton
1216,1216,Steve McQueen
1217,1217,John-Paul Davidson
1218,1218,David Von Ancken
1219,1219,Ava DuVernay
1220,1220,James Toback
1221,1221,David Koepp
1222,1222,Roberts Gannaway
1223,1223,Wes Craven
1224,1224,Brandon Vietti
1225,1225,Kevin Goetz
1226,1226,Keenen Ivory Wayans
1227,1227,Kevin Greutert
1228,1228,Annette Haywood-Carter
1229,1229,Antoni Stutz
1230,1230,Wayne Kramer
1231,1231,David Schwimmer
1232,1232,William H. Macy
1233,1233,Jon Stewart
1234,1234,Rodney Ascher
1235,1235,Andrzej Bartkowiak
1236,1236,Laurent Bouzereau
1237,1237,Dylan Kidd
1238,1238,Jake Schreier
1239,1239,José Padilha
1240,1240,Raymond De Felitta
1241,1241,Jason Momoa
1242,1242,Peter Ramsey
1243,1243,Julian Gilbey
1244,1244,Jon Avnet
1245,1245,Marina Zenovich
1246,1246,Russell Mulcahy
1247,1247,Makoto Kamiya
1248,1248,Alexander Witt
1249,1249,Paul W.S. Anderson
1250,1250,Miguel Sapochnik
1251,1251,Allen Coulter
1252,1252,Rob Bowman
1253,1253,Emilis Velyvis
1254,1254,Rodrigo Cortés
1255,1255,Gabe Polsky
1256,1256,Dean Parisot
1257,1257,Taylor Hackford
1258,1258,Uwe Boll
1259,1259,David Leo Schultz
1260,1260,Dustin Hoffman
1261,1261,Nick Lyon
1262,1262,Adam Kassen
1263,1263,Florian Habicht
1264,1264,Michael Mann
1265,1265,Richard LaGravenese
1266,1266,Mike Newell
1267,1267,Matthew Warchus
1268,1268,Michael Spierig
1269,1269,Timothy Linh Bui
1270,1270,Sönke Wortmann
1271,1271,Sarah Robertson
1272,1272,Greg Francis
1273,1273,Justin Reardon
1274,1274,Robert Rodriguez
1275,1275,Elizabeth Banks
1276,1276,Rob Marshall
1277,1277,Richard Curtis
1278,1278,Alex Kurtzman
1279,1279,Eric Darnell
1280,1280,Mark Levinson
1281,1281,Andy Fickman
1282,1282,Chris Butler
1283,1283,Oren Peli
1284,1284,Marcus Markou
1285,1285,Christian Alvart
1286,1286,Gia Coppola
1287,1287,Charles Stone III
1288,1288,Howard McCain
1289,1289,Carl Franklin
1290,1290,Michael Cristofer
1291,1291,Thaddeus O'Sullivan
1292,1292,Roger Allers
1293,1293,Kevin Costner
1294,1294,Gonzalo López-Gallego
1295,1295,Michael Gunton
1296,1296,Mark Romanek
1297,1297,Walter Salles
1298,1298,Gillian Robespierre
1299,1299,Joel Coen
1300,1300,Lars von Trier
1301,1301,Rod Lurie
1302,1302,Elaine Constantine
1303,1303,Ivan Reitman
1304,1304,Gregg Godfrey
1305,1305,Jennifer Flackett
1306,1306,Bille August
1307,1307,Jeff Wadlow
1308,1308,Scott Waugh
1309,1309,Jared Hess
1310,1310,Anne K. Black
1311,1311,Ivan Sen
1312,1312,Israel Horovitz
1313,1313,Joel Zwick
1314,1314,Scott Mactavish
1315,1315,David Lynch
1316,1316,Mike Leigh
1317,1317,Jaco Van Dormael
1318,1318,Andy Mikita
1319,1319,Bruce A. Evans
1320,1320,Steve Bendelack
1321,1321,Andrew Dosunmu
1322,1322,Rodrigo García
1323,1323,Dan Scanlon
1324,1324,Gil Kenan
1325,1325,Dan Fraga
1326,1326,Bennett Miller
1327,1327,Sara St. Onge
1328,1328,Donovan Cook
1329,1329,Barry Sonnenfeld
1330,1330,Bobby Farrelly
1331,1331,Alexs Stadermann
1332,1332,Adam Elliot
1333,1333,Julian Farino
1334,1334,Sean Durkin
1335,1335,Matthew Akers
1336,1336,J.C. Chandor
1337,1337,David Cronenberg
1338,1338,Anthony Mir
1339,1339,Franck Khalfoun
1340,1340,Asger Leth
1341,1341,Robert Stromberg
1342,1342,George Miller
1343,1343,Ethan Maniquis
1344,1344,Megan Griffiths
1345,1345,Rob Epstein
1346,1346,Bill Pohlad
1347,1347,Ira Sachs
1348,1348,Gina Prince-Bythewood
1349,1349,Rachel Lee Goldenberg
1350,1350,Andrew Niccol
1351,1351,Michael Corrente
1352,1352,William Monahan
1353,1353,Steve Saint Leger
1354,1354,Steven Knight
1355,1355,Hong Khaou
1356,1356,Dean DeBlois
1357,1357,Lance Daly
1358,1358,Loressa Clisby
1359,1359,Greg Berlanti
1360,1360,Matt Checkowski
1361,1361,Josh Radnor
1362,1362,Lucien Castaing-Taylor
1363,1363,Brad Silberling
1364,1364,Lee Daniels
1365,1365,Christian Larson
1366,1366,Anand Tucker
1367,1367,Adrián García Bogliano
1368,1368,Sandra Nettelbeck
1369,1369,Kazuaki Kiriya
1370,1370,Tom Hanks
1371,1371,Brett Morgen
1372,1372,Jennifer Yuh Nelson
1373,1373,Stephen Chow
1374,1374,David Zellner
1375,1375,Alex Proyas
1376,1376,Charles Herman-Wurmfeld
1377,1377,Andrew Dominik
1378,1378,William Friedkin
1379,1379,Gary McKendry
1380,1380,John Krokidas
1381,1381,Daniel Alfredson
1382,1382,John Stockwell
1383,1383,Dave Bullock
1384,1384,Dennis Dugan
1385,1385,Roger Kumble
1386,1386,Courteney Cox
1387,1387,Nora Ephron
1388,1388,Oliver Parker
1389,1389,Peter Howitt
1390,1390,Mark A. Catalena
1391,1391,Kelly Dolen
1392,1392,Frank Pavich
1393,1393,Jay Duplass
1394,1394,through the eyes of a U.S marine sniper who struggles to cope with the possibility his girlfriend may be cheating on him back home.
1395,1395,Trevor White
1396,1396,Jeff Tremaine
1397,1397,Jonathan English
1398,1398,Ericson Core
1399,1399,Sean Penn
1400,1400,Eric Crosland
1401,1401,Perry Bhandal
1402,1402,Charles Ferguson
1403,1403,Jacob Kornbluth
1404,1404,Charlie Stratton
1405,1405,Brad McGann
1406,1406,Curtis Hanson
1407,1407,Lake Bell
1408,1408,Enki Bilal
1409,1409,Stobe Harju
1410,1410,Plan B
1411,1411,Richie Mehta
1412,1412,R.J. Cutler
1413,1413,Mike Judge
1414,1414,Karen Disher
1415,1415,Steven R. Monroe
1416,1416,Mike Cahill
1417,1417,Jason Lapeyre
1418,1418,Tommy Avallone
1419,1419,Jessie Nelson
1420,1420,Clare Lewins
1421,1421,Tanya Wexler
1422,1422,Marc Evans
1423,1423,Matthew Cooke
1424,1424,Donald Petrie
1425,1425,Gerard Johnstone
1426,1426,Vadim Perelman
1427,1427,Michael Bartlett
1428,1428,Eric Heisserer
1429,1429,Deborah Kampmeier
1430,1430,Steve Pink
1431,1431,Florent-Emilio Siri
1432,1432,Jimmy Hayward
1433,1433,Seth Gordon
1434,1434,Gary Fleder
1435,1435,David Boyd
1436,1436,Tim Johnson
1437,1437,Xavier Gens
1438,1438,Sacha Gervasi
1439,1439,Andy Tennant
1440,1440,David Palmer
1441,1441,Daniel Patrick Carbone
1442,1442,Joe Johnston
1443,1443,Frank Coraci
1444,1444,Todd Louiso
1445,1445,Kat Candler
1446,1446,Chris Columbus
1447,1447,Alfonso Cuarón
1448,1448,Danny Leiner
1449,1449,Jon Hurwitz
1450,1450,David Slade
1451,1451,Peter Webber
1452,1452,Adam Shankman
1453,1453,Phil Joanou
1454,1454,Christopher Berkeley
1455,1455,Colin Minihan
1456,1456,Nicholaus Goossen
1457,1457,Jim Strouse
1458,1458,Jon Wright
1459,1459,Lisa Barros D'Sa
1460,1460,Nanette Burstein
1461,1461,John Slattery
1462,1462,Mark Lamprell
1463,1463,Stuart Murdoch
1464,1464,John Fawcett
1465,1465,Ron Krauss
1466,1466,Terry Zwigoff
1467,1467,Adrian Moat
1468,1468,Adrian Grunberg
1469,1469,Etan Cohen
1470,1470,Darren Stein
1471,1471,Adam Green
1472,1472,Michael Berry
1473,1473,Jennifer Westfeldt
1474,1474,Darren Paul Fisher
1475,1475,Charles Matthau
1476,1476,Gerald McMorrow
1477,1477,Laurent Cantet
1478,1478,Christopher Morris
1479,1479,John Singleton
1480,1480,Lee Fulkerson
1481,1481,Charlie Paul
1482,1482,Robert Kenner
1483,1483,Tony Bill
1484,1484,John Moore
1485,1485,Michael Radford
1486,1486,Oliver Hirschbiegel
1487,1487,John Maloof
1488,1488,Tetsuya Nomura
1489,1489,Hironobu Sakaguchi
1490,1490,James Wong
1491,1491,David R. Ellis
1492,1492,Jon S. Baird
1493,1493,Deedle Lacour
1494,1494,Matthew Saville
1495,1495,Robert Benton
1496,1496,Mark Neale
1497,1497,Kyle Newman
1498,1498,John Turturro
1499,1499,Richard Bates Jr.
1500,1500,Dan Rush
1501,1501,Jeff Schaffer
1502,1502,Sebastián Cordero
1503,1503,Michel Gondry
1504,1504,Kurt Wimmer
1505,1505,Nicole Holofcener
1506,1506,Jean-Jacques Annaud
1507,1507,Shana Feste
1508,1508,Neill Blomkamp
1509,1509,Shekhar Kapur
1510,1510,Frank Marshall
1511,1511,Bruce Paltrow
1512,1512,Joe Swanberg
1513,1513,Ben Nott
1514,1514,Jim Sheridan
1515,1515,Yuefeng Song
1516,1516,Gary Shore
1517,1517,John Patrick Shanley
1518,1518,Ramona S. Diaz
1519,1519,Richard Kelly
1520,1520,Joseph Gordon-Levitt
1521,1521,Richard Shepard
1522,1522,Charles Martin Smith
1523,1523,Alexandre O. Philippe
1524,1524,Henry Alex Rubin
1525,1525,Rick Rowley
1526,1526,Guy Ferland
1527,1527,Eric Leighton
1528,1528,Todd Douglas Miller
1529,1529,Thor Freudenthal
1530,1530,Tony Kaye
1531,1531,Pierre Coffin
1532,1532,Ken Scott
1533,1533,John Bruno
1534,1534,Steven Bernstein
1535,1535,Ian Fitzgibbon
1536,1536,Justin Simien
1537,1537,Stefan Ruzowitzky
1538,1538,Niels Arden Oplev
1539,1539,Michael Goldbach
1540,1540,Scott Stewart
1541,1541,Dan Fogelman
1542,1542,Vincenzo Natali
1543,1543,Matt Shakman
1544,1544,James Griffiths
1545,1545,Steve Rash
1546,1546,Mark Neveldine
1547,1547,David Storey
1548,1548,Henry Selick
1549,1549,Sam Esmail
1550,1550,Anthony Minghella
1551,1551,James Ward Byrkit
1552,1552,Clare Beavan
1553,1553,Billy Corben
1554,1554,Cody Cameron
1555,1555,Mike Nichols
1556,1556,Hadi Hajaig
1557,1557,Lloyd Kaufman
1558,1558,Josh Trank
1559,1559,Jackie Chan
1560,1560,Alastair Fothergill
1561,1561,Burr Steers
1562,1562,Fredrik Bond
1563,1563,Marcos Siega
1564,1564,Tony Giglio
1565,1565,Phil Traill
1566,1566,Jennifer Lynch
1567,1567,Diego Luna
1568,1568,and the kidnappers have targeted her husband and child next.
1569,1569,Kazuya Sasahara
1570,1570,John Lasseter
1571,1571,Peter Sattler
1572,1572,John Michael McDonagh
1573,1573,Neil Jordan
1574,1574,Steve Antin
1575,1575,Tom Shadyac
1576,1576,Allen Hughes
1577,1577,Rufus Norris
1578,1578,Gabor Csupo
1579,1579,Mark Andrews
1580,1580,Gabe Torres
1581,1581,François Girard
1582,1582,Alex Ranarivelo
1583,1583,David Lickley
1584,1584,Ted Demme
1585,1585,Guillaume Canet
1586,1586,Hiroyuki Kitakubo
1587,1587,Ben Ramsey
1588,1588,Elliott Lester
1589,1589,Mateo Gil
1590,1590,Craig Brewer
1591,1591,Mike Binder
1592,1592,Scott Sanders
1593,1593,Chris Bell
1594,1594,Don Hall
1595,1595,Martin Mészáros
1596,1596,Leanne Pooley
1597,1597,Mark Mori
1598,1598,Ted Koland
1599,1599,Aron Gaudet
1600,1600,Julian Schnabel
1601,1601,Rowan Joffe
1602,1602,Simon J. Smith
1603,1603,Harold Ramis
1604,1604,Jonas Pate
1605,1605,Kinji Fukasaku
1606,1606,Curt Geda
1607,1607,John McTiernan
1608,1608,Andrew Fleming
1609,1609,Phil Weinstein
1610,1610,Jody Lee Lipes
1611,1611,Jason Bateman
1612,1612,Gabe Ibáñez
1613,1613,Jerusha Hess
1614,1614,Kirsten Sheridan
1615,1615,Pauline Lynch
1616,1616,Joe Cornish
1617,1617,Gary Trousdale
1618,1618,Riyad Barmania
1619,1619,Sarah Smith
1620,1620,Nicholas Jarecki
1621,1621,Ed Harris
1622,1622,Travis Fine
1623,1623,Anthony Powell
1624,1624,Jorge Dorado
1625,1625,Louis Myles
1626,1626,Terry McDonough
1627,1627,Sean Mullin
1628,1628,Mary Harron
1629,1629,Costa-Gavras
1630,1630,Ron Mann
1631,1631,Tim Maltby
1632,1632,Michael Rossato-Bennett
1633,1633,Declan Lowney
1634,1634,Keith Scholey
1635,1635,Anne Fontaine
1636,1636,Mike McCoy
1637,1637,Julie Taymor
1638,1638,Jesse Zwick
1639,1639,Jonathan Demme
1640,1640,Nigel Cole
1641,1641,Pascal Chaumeil
1642,1642,Nicole Kassell
1643,1643,Jim Kouf
1644,1644,Shane Acker
1645,1645,Yann Demange
1646,1646,Carl Rinsch
1647,1647,Noam Murro
1648,1648,Juan Carlos Fresnadillo
1649,1649,Richard Berry
1650,1650,Iain Forsyth
1651,1651,Richard Donner
1652,1652,Daniel Stamm
1653,1653,Géla Babluani
1654,1654,Cameron Cairnes
1655,1655,Jamie Linden
1656,1656,Edward Hall
1657,1657,Yû Irie
1658,1658,Joseph Castelo
1659,1659,Levan Tsikurishvili
1660,1660,Navin Ramaswaran
1661,1661,Ben Smallbone
1662,1662,Mark Raso
1663,1663,Brady Corbet
1664,1664,Matteo Garrone
1665,1665,Luke Korem
1666,1666,Junpei Mizusaki
1667,1667,Andy Abrahams Wilson
1668,1668,Hayao Miyazaki
1669,1669,Sanaa Hamri
1670,1670,Louie Schwartzberg
1671,1671,Paolo Virzì
1672,1672,Michael A. MacRae
1673,1673,Shea Sizemore
1674,1674,Brandon Camp
1675,1675,Florian Henckel von Donnersmarck
1676,1676,Nuri Bilge Ceylan
1677,1677,Mehdi Idir
1678,1678,Alexandra Dean
1679,1679,Nitesh Tiwari
1680,1680,Olivier Nakache
1681,1681,Ryan Gregory Phillips
1682,1682,Don Michael Paul
1683,1683,Jean-Baptiste Andrea
1684,1684,Daniel Jerome Gill
1685,1685,Rajkumar Hirani
1686,1686,Aamir Khan
1687,1687,Vladimir de Fontenay
1688,1688,Charles Visser
1689,1689,Thomas Vinterberg
1690,1690,Sam Taylor-Johnson
1691,1691,James Foley
1692,1692,Ferzan Ozpetek
1693,1693,Nick Park
1694,1694,Vince Marcello
1695,1695,Coralie Fargeat
1696,1696,Marc J. Francis
1697,1697,David Mackay
1698,1698,Masanori Tominaga
1699,1699,Sebastián Lelio
1700,1700,Kurt Voelker
1701,1701,Xian Feng Zhang
1702,1702,Ali Soozandeh
1703,1703,Danny Albury
1704,1704,Rupert Jones
1705,1705,Tyler Measom
1706,1706,Fatih Akin
1707,1707,Hélène Giraud
1708,1708,Steven S. DeKnight
1709,1709,Lilibet Foster
1710,1710,Borja Soler
1711,1711,Adam Christian Clark
1712,1712,Yann Gozlan
1713,1713,S.J. Chiro
1714,1714,Charlie Vaughn
1715,1715,Haissam Hussain
1716,1716,Nico Casavecchia
1717,1717,Fernando Eimbcke
1718,1718,Stephan Elliott
1719,1719,Seng Kiat Tan
1720,1720,Nash Edgerton
1721,1721,Cory Finley
1722,1722,Eli Roth
1723,1723,J Blakeson
1724,1724,Anna Foerster
1725,1725,Stewart Hendler
1726,1726,Nikolaj Arcel
1727,1727,Dean Devlin
1728,1728,Sarik Andreasyan
1729,1729,Baran bo Odar
1730,1730,Richie Keen
1731,1731,Corin Hardy
1732,1732,Tony Leondis
1733,1733,Leslie Small
1734,1734,John Baumgartner
1735,1735,Sergei Bodrov
1736,1736,John R. Leonetti
1737,1737,Michael Tiddes
1738,1738,Matthias Hoene
1739,1739,Mark Cullen
1740,1740,Jonathan Liebesman
1741,1741,Dan Mazer
1742,1742,F. Javier Gutiérrez
1743,1743,Daniel Benmayor
1744,1744,Johannes Roberts
1745,1745,Fabio Guaglione
1746,1746,Don Mancini
1747,1747,they are forced to contend with threats from within the government that jeopardize their very existence.
1748,1748,Colin Teague
1749,1749,Brian A. Miller
1750,1750,Mario Van Peebles
1751,1751,Benny Boom
1752,1752,Jabbar Raisani
1753,1753,Lucia Aniello
1754,1754,Cal Brunker
1755,1755,Luis Prieto
1756,1756,Lennart Ruff
1757,1757,Alberto Rodríguez
1758,1758,Mike Thurmeier
1759,1759,Aleksander Bach
1760,1760,Andrew Jay Cohen
1761,1761,Kimberly Peirce
1762,1762,Raja Gosnell
1763,1763,Sylvie Verheyde
1764,1764,Patrik Syversen
1765,1765,Peter Lepeniotis
1766,1766,Claudio Fäh
1767,1767,Gee Malik Linton
1768,1768,Steven C. Miller
1769,1769,Shane Abbess
1770,1770,Roland Joffé
1771,1771,Toby Genkel
1772,1772,Alex Brewer
1773,1773,Tyler Perry
1774,1774,Bruce Macdonald
1775,1775,Paul Currie
1776,1776,Camille Delamarre
1777,1777,Johnny Martin
1778,1778,Reinhard Klooss
1779,1779,J.D. Dillard
1780,1780,Liam O'Donnell
1781,1781,Stacy Title
1782,1782,Denise Di Novi
1783,1783,Keoni Waxman
1784,1784,John Lyde
1785,1785,Antonio Negret
1786,1786,Jason Bourque
1787,1787,Joshua Michael Stern
1788,1788,Steven Quale
1789,1789,Kimble Rendall
1790,1790,James Nunn
1791,1791,Brian Levant
1792,1792,Jonathan Baker
1793,1793,Jim Gillespie
1794,1794,Ken Marino
1795,1795,Ibai Abad
1796,1796,Maximilian Elfeldt
1797,1797,Brian Smrz
1798,1798,Stiles White
1799,1799,Caleb Vetter
1800,1800,Julius Onah
1801,1801,Alex Merkin
1802,1802,Zack Whedon
1803,1803,Jason Friedberg
1804,1804,Robert Kouba
1805,1805,Brendan Muldowney
1806,1806,Kurando Mitsutake
1807,1807,Aleksandar Ivicic
1808,1808,Anthony Burns
1809,1809,Mauro Borrelli
1810,1810,Elizabeth Wood
1811,1811,Miles Bakshi
1812,1812,Harmony Korine
1813,1813,Bobby Moresco
1814,1814,Kim Farrant
1815,1815,Fumihiko Sori
1816,1816,Inna Evlannikova
1817,1817,Tom Harper
1818,1818,Todd Burrows
1819,1819,Jeffrey Blitz
1820,1820,David Gelb
1821,1821,Nick Powell
1822,1822,Obin Olson
1823,1823,Rob Meltzer
1824,1824,Jared Cohn
1825,1825,Peter Malota
1826,1826,Thomas J. Churchill
1827,1827,Matthew Holmes
1828,1828,Adam Lipsius
1829,1829,Tim Smit
1830,1830,Wych Kaosayananda
1831,1831,G.J. Echternkamp
1832,1832,Thomas Beecher
1833,1833,Logan Sekulow
1834,1834,Trevor Wall
1835,1835,Peter DeLuise
1836,1836,Ben Parker
1837,1837,Rory Rooney
1838,1838,Joe Miale
1839,1839,Simon Verhoeven
1840,1840,Taran Killam
1841,1841,Casper Van Dien
1842,1842,Barry Cook
1843,1843,Scott Foley
1844,1844,Maggie Carey
1845,1845,Roel Reiné
1846,1846,Courtney Solomon
1847,1847,Alexandre Bustillo
1848,1848,Ciarán Foy
1849,1849,J.K. Amalou
1850,1850,Dito Montiel
1851,1851,Paul Schrader
1852,1852,Matt Drummond
1853,1853,Zackary Adler
1854,1854,Cary Murnion
1855,1855,Jim O'Hanlon
1856,1856,Noel Cleary
1857,1857,Kyle Newacheck
1858,1858,Philip Martin
1859,1859,Robert Smigel
1860,1860,JT Mollner
1861,1861,Ben Falcone
1862,1862,Vaughn Stein
1863,1863,Carles Torrens
1864,1864,Lawrence Sher
1865,1865,Ryan Little
1866,1866,Chuck Powers
1867,1867,Adam Smith
1868,1868,Eric D. Howell
1869,1869,Scott Wheeler
1870,1870,Christopher Spencer
1871,1871,Timothy Reckart
1872,1872,Kate Barker-Froyland
1873,1873,Sean Patrick O'Reilly
1874,1874,Jeff Renfroe
1875,1875,John Huddles
1876,1876,Leigh Janiak
1877,1877,Dennis Gansel
1878,1878,Babak Najafi
1879,1879,Stephen Burke
1880,1880,Elizabeth Allen Rosenbaum
1881,1881,Dimitri Logothetis
1882,1882,Mike Mendez
1883,1883,Natalia Leite
1884,1884,Hiroshi Hamazaki
1885,1885,Marco van Belle
1886,1886,Jim Weedon
1887,1887,Leo Zhang
1888,1888,Warren Beatty
1889,1889,Don Scardino
1890,1890,Nisha Ganatra
1891,1891,Mark Steven Johnson
1892,1892,Giancarlo Esposito
1893,1893,Timothy Woodward Jr.
1894,1894,Patrick Johnson
1895,1895,Lisa Azuelos
1896,1896,John V. Soto
1897,1897,David Hayter
1898,1898,Castille Landon
1899,1899,Thomas Della Bella
1900,1900,David Burris
1901,1901,Matt Stuertz
1902,1902,R.D. Braunstein
1903,1903,Pearry Reginald Teo
1904,1904,Ron Shelton
1905,1905,Nick Jongerius
1906,1906,Alethea Jones
1907,1907,Robert Dyke
1908,1908,Robert Legato
1909,1909,Nicholas Gyeney
1910,1910,Chris Brinker
1911,1911,Gerald Rascionato
1912,1912,Chris Majors
1913,1913,Jay Baruchel
1914,1914,Grégory Levasseur
1915,1915,little does she know that an encounter with a chainsaw-wielding killer is part of the reward.
1916,1916,Eric Khoo
1917,1917,Sara Colangelo
1918,1918,Brian O'Malley
1919,1919,Yoichi Mori
1920,1920,Hèctor Hernández Vicens
1921,1921,Ronnie Thompson
1922,1922,Anthony Silverston
1923,1923,Benjamin Cooper
1924,1924,Yusry Abd Halim
1925,1925,Chris Sparling
1926,1926,Jerry Daigle
1927,1927,David Field and George Basha
1928,1928,Ruairi Robinson
1929,1929,Ricardo de Montreuil
1930,1930,Steven Shainberg
1931,1931,Tim Hunter
1932,1932,Shintaro Shimosawa
1933,1933,Stuart Acher
1934,1934,Koldo Serra
1935,1935,David Hackl
1936,1936,Thunder Levin
1937,1937,Andy Goddard
1938,1938,Adam Spinks
1939,1939,Ido Fluk
1940,1940,Patrick Lussier
1941,1941,Michael Petroni
1942,1942,Ana Lily Amirpour
1943,1943,Jeremy Gillespie
1944,1944,Andrew Renzi
1945,1945,Greg Hall
1946,1946,Stephen Fung
1947,1947,Mandie Fletcher
1948,1948,RZA
1949,1949,Allan Ungar
1950,1950,Thomas Purifoy
1951,1951,Suzi Ewing
1952,1952,Farren Blackburn
1953,1953,Shahin Sean Solimon
1954,1954,Sam Miller
1955,1955,Barry Battles
1956,1956,Aleksandr Boguslavskiy
1957,1957,James Oakley
1958,1958,Craig Moss
1959,1959,Declan O'Brien
1960,1960,Matthew Weiner
1961,1961,Derek Presley
1962,1962,Shira Piven
1963,1963,Chris Nelson
1964,1964,Simon Hung
1965,1965,Simon Kaijser
1966,1966,Henry Saine
1967,1967,David M. Rosenthal
1968,1968,Jason Zada
1969,1969,David Gould
1970,1970,Ivan Kavanagh
1971,1971,Andrew Getty
1972,1972,Agustín Díaz Yanes
1973,1973,Kung-Lok Lee
1974,1974,Avgousta Zourelidi
1975,1975,David Feiss
1976,1976,Justin Zackham
1977,1977,Kohl Glass
1978,1978,Wim Wenders
1979,1979,Adam Bailey
1980,1980,Luke Sparke
1981,1981,Holger Tappe
1982,1982,Paul Solet
1983,1983,Brandon Christensen
1984,1984,Darren Grant
1985,1985,Alexandros Avranas
1986,1986,Dan Bradley
1987,1987,Ole Bornedal
1988,1988,Benson Lee
1989,1989,Steven Gomez
1990,1990,Tom Barker
1991,1991,Justin Barber
1992,1992,Rick Rosenthal
1993,1993,Cody Calahan
1994,1994,Garrett Batty
1995,1995,Stephen Reynolds
1996,1996,Richard Gabai
1997,1997,Julie Anne Robinson
1998,1998,Alex Smith
1999,1999,Huck Botko
2000,2000,Brett Simmons
2001,2001,Enrique Gato
2002,2002,Patrick Magee
2003,2003,Conor McMahon
2004,2004,Martín Rosete
2005,2005,Robert Vince
2006,2006,David Jung
2007,2007,Alex Zamm
2008,2008,Bruce Caulk
2009,2009,Yasuo Inoue
2010,2010,Pelin Esmer
2011,2011,Alex Infascelli
2012,2012,Steve Barker
2013,2013,Michel Franco
2014,2014,Pasha Patriki
2015,2015,Rich Christiano
2016,2016,Minhal Baig
2017,2017,Robin Bain
2018,2018,Jordan Brown
2019,2019,Gil Junger
2020,2020,Kaige Chen
2021,2021,Erlingur Thoroddsen
2022,2022,Michael Linn
2023,2023,Andrew Hyatt
2024,2024,Max Winkler
2025,2025,Lisa Langseth
2026,2026,Jonathan Glatzer
2027,2027,Martin Witz
2028,2028,Corinna McFarlane
2029,2029,Richard Rich
2030,2030,George A. Johnson
2031,2031,Marc Steele
2032,2032,Jamal Joseph
2033,2033,Robert Milazzo
2034,2034,Gordon Chan
2035,2035,Laurent Merlin
2036,2036,Doc Benson
2037,2037,Kenneth Eng
2038,2038,Haifaa Al-Mansour
2039,2039,Nattawut Poonpiriya
2040,2040,Ryûhei Kitamura
2041,2041,Kristi Zea
2042,2042,Trudie Styler
2043,2043,Piotr Szkopiak
2044,2044,Roar Uthaug
2045,2045,Dallas Jenkins
2046,2046,Alper Caglar
2047,2047,Lukasz Palkowski
2048,2048,Kerry Asmussen
2049,2049,Alex Richanbach
2050,2050,Carla Simón
2051,2051,Alain Gsponer
2052,2052,Ken Duken
2053,2053,Cullen Hoback
2054,2054,Gregory Erdstein
2055,2055,Julius R. Nasso
2056,2056,David Freyne
2057,2057,Simeon Halligan
2058,2058,David A. Armstrong
2059,2059,Fedor Bondarchuk
2060,2060,Thierry Demaizière
2061,2061,Joe Martin
2062,2062,Aaron Kurmey
2063,2063,Dominic Bridges
2064,2064,Damon Cardasis
2065,2065,Dario Piana
2066,2066,Dan Gregor
2067,2067,Thomas Dekker
2068,2068,Eric Colley
2069,2069,Ben Shelton
2070,2070,Haylar Garcia
2071,2071,Clayton Cogswell
2072,2072,Ben Jagger
2073,2073,Michael Greenspan
2074,2074,Olivia Milch
2075,2075,Theresa Bennett
2076,2076,Alex Tavakoli
2077,2077,Karl Jacob
2078,2078,Bruce Parry
2079,2079,Kenneth Elvebakk
2080,2080,Rama Burshtein
2081,2081,Svyatoslav Podgaevskiy
2082,2082,Woody Harrelson
2083,2083,Eric Champnella
2084,2084,Daniel di Grado
2085,2085,Michael G. Cooney
2086,2086,Jai-hong Juhn
2087,2087,Teddy Chan
2088,2088,Don Roy King
2089,2089,Elijah Drenner
2090,2090,Julia Huffman
2091,2091,Quinn Shephard
2092,2092,Jeffrey Walker
2093,2093,Peter Cornwell
2094,2094,Alexandre Moors
2095,2095,Tyler Savage
2096,2096,Eric Bross
2097,2097,Pawel Maslona
2098,2098,Xiaogang Feng
2099,2099,Claire Scanlon
2100,2100,Aaron Katz
2101,2101,Robin Campillo
2102,2102,François Ozon
2103,2103,Kay Cannon
2104,2104,Julie Delpy
2105,2105,Julie Bertuccelli
2106,2106,James Keach
2107,2107,Matt Palmer
2108,2108,Philipp Kadelbach
2109,2109,Isabel Coixet
2110,2110,Claire Denis
2111,2111,Christopher Radcliff
2112,2112,Jeremy Kagan
2113,2113,Tre Manchester
2114,2114,Ryuichi Hiroki
2115,2115,Warwick Thornton
2116,2116,Yann Arthus-Bertrand
2117,2117,Phil Morrison
2118,2118,Mark David
2119,2119,Mark O'Rowe
2120,2120,Sion Sono
2121,2121,João Pedro Rodrigues
2122,2122,Benjamin Ross Hayden
2123,2123,Sasha Gordon
2124,2124,Oleh Malamuzh
2125,2125,David Alonso
2126,2126,Felix Herngren
2127,2127,Ben Lewin
2128,2128,Ziad Doueiri
2129,2129,James Erskine
2130,2130,Penelope Buitenhuis
2131,2131,Curtis Crawford
2132,2132,Jason Furukawa
2133,2133,Robert Iscove
2134,2134,Mark Piznarski
2135,2135,Mike Rohl
2136,2136,Stephen Bridgewater
2137,2137,Fulvio Sestito
2138,2138,Rob Greenberg
2139,2139,Matthew Ross
2140,2140,Gabriel Judet-Weinshel
2141,2141,Dzhanik Fayziev
2142,2142,Matthew Kohnen
2143,2143,John Pilger
2144,2144,Beth McCarthy-Miller
2145,2145,Ben Lewis
2146,2146,Jonas Carpignano
2147,2147,Steven Fletcher
2148,2148,Ringo Lam
2149,2149,Sidney J. Furie
2150,2150,Richard Levine
2151,2151,Chris Miera
2152,2152,Patrick Shen
2153,2153,Sylvia Chang
2154,2154,Joram Lürsen
2155,2155,Alexandre Espigares
2156,2156,Deon Taylor
2157,2157,Khurram H. Alavi
2158,2158,Shin-yeon Won
2159,2159,Andrea Pallaoro
2160,2160,Jody Hill
2161,2161,Tom Shell
2162,2162,Doug Campbell
2163,2163,Chloé Zhao
2164,2164,Jim Donovan
2165,2165,Gô Ohara
2166,2166,Sam Voutas
2167,2167,Chi Leung 'Jacob' Cheung
2168,2168,Spencer Maybee
2169,2169,Peter Kosminsky
2170,2170,Elaine McMillion Sheldon
2171,2171,Casey Tebo
2172,2172,Friedrich Moser
2173,2173,York Alec Shackleton
2174,2174,Emma Baus
2175,2175,Cecilia Aranovich
2176,2176,Ali Abbas Zafar
2177,2177,Shô Tsukikawa
2178,2178,Mike P. Nelson
2179,2179,Federico D'Alessandro
2180,2180,Pete McGrain
2181,2181,Sheldon Candis
2182,2182,Paul Bettany
2183,2183,Abby Kohn
2184,2184,Luciano Ligabue
2185,2185,Norberto López Amado
2186,2186,Tom Gustafson
2187,2187,Richard Harrison
2188,2188,Aislinn Clarke
2189,2189,Tyler Spindel
2190,2190,Christopher Jenkins
2191,2191,Jean-Stéphane Sauvaire
2192,2192,Antonio Morabito
2193,2193,Lluís Segura
2194,2194,Rene Liu
2195,2195,Jonas Åkerlund
2196,2196,Jeremy Phillips
2197,2197,Hiroyuki Seshita
2198,2198,Jess Manafort
2199,2199,Jeremy Dyson
2200,2200,James Cox
2201,2201,Pedro Rivero
2202,2202,Abhishek Sharma
2203,2203,Rachel Israel
2204,2204,Daniel Calparsoro
2205,2205,Courtney Balaker
2206,2206,Steve Paley
2207,2207,Helene Hegemann
2208,2208,Anahita Ghazvinizadeh
2209,2209,Jay Silverman
2210,2210,Russell Harbaugh
2211,2211,Chris Scheuerman
2212,2212,Elijah Bynum
2213,2213,Daniel Zelik Berk
2214,2214,Stanley Tong
2215,2215,Stella Meghie
2216,2216,Masato Harada
2217,2217,Kwang-Hyun Park
2218,2218,Preston DeFrancis
2219,2219,Michael Storey
2220,2220,Ryan Schifrin
2221,2221,Saket Chaudhary
2222,2222,Xuan Liang
2223,2223,Wil Magness
2224,2224,Peter Ricq
2225,2225,Jonathan Hacker
2226,2226,S.S. Rajamouli
2227,2227,April Mullen
2228,2228,Abdellatif Kechiche
2229,2229,Michael J. Gallagher
2230,2230,Norihiro Niwatsukino
2231,2231,Masamitsu Hidaka
2232,2232,Mohit Suri
2233,2233,Tiffanie Hsu
2234,2234,Sôichi Umezawa
2235,2235,David Farrier
2236,2236,Anthony Scott Burns
2237,2237,Shaun Hart
2238,2238,Kirby Dick
2239,2239,Ben Young
2240,2240,Sanjay Leela Bhansali
2241,2241,Dominic Cooke
2242,2242,Francis dela Torre
2243,2243,Joel Gallen
2244,2244,Jude S. Walko
2245,2245,Kevin Pollak
2246,2246,Nic Mathieu
2247,2247,Gerard Barrett
2248,2248,Sarah Rotella
2249,2249,Caroline Labrèche
2250,2250,Scott Perlman
2251,2251,Pa. Ranjith
2252,2252,Haoling Li
2253,2253,Gilles Penso
2254,2254,Ekrem Engizek
2255,2255,Ki-duk Kim
2256,2256,Mairi Cameron
2257,2257,Jalmari Helander
2258,2258,A.W. Vidmer
2259,2259,Brian Yuzna
2260,2260,Wei-Hao Cheng
2261,2261,Naoko Ogigami
2262,2262,Cheng-Kuo Yen
2263,2263,Jean-Paul Rappeneau
2264,2264,Danny Pang
2265,2265,Chaitanya Tamhane
2266,2266,Lucrecia Martel
2267,2267,Sin-Hang Chiu
2268,2268,Adam Keleman
2269,2269,Marcus Baldini
2270,2270,Bill Holderman
2271,2271,Jeff Tomsic
2272,2272,Garry Marshall
2273,2273,Luc Jacquet
2274,2274,Naoko Yamada
2275,2275,Gary Rydstrom
2276,2276,Julie Cohen
2277,2277,Andrew Bujalski
2278,2278,Jonathan auf der Heide
2279,2279,Max Giwa
2280,2280,Chris Paine
2281,2281,Joshua Tunick
2282,2282,John Hopkins
2283,2283,Director X.
2284,2284,Danny Garcia
2285,2285,Ludwig Shammasian
2286,2286,Claudio Caligari
2287,2287,Jerrod Carmichael
2288,2288,Omar Naim
2289,2289,Colin Brady
2290,2290,Louis Morneau
2291,2291,Pat Holden
2292,2292,John Campopiano
2293,2293,Natsuki Seta
2294,2294,Mitch Rouse
2295,2295,Ian Edelman
2296,2296,François Simard
2297,2297,Jonathan Watson
2298,2298,Morgan Neville
2299,2299,Ol Parker
2300,2300,Lin Oeding
2301,2301,Rob Schneider
2302,2302,Bibo Bergeron
2303,2303,Rhiannon Bannenberg
2304,2304,Advait Chandan
2305,2305,David Silverman
2306,2306,Alexandre Heboyan
2307,2307,John Pasquin
2308,2308,Paul Verhoeven
2309,2309,Jérémie Renier
2310,2310,Ari Aster
2311,2311,Davis Doi
2312,2312,Charles Grosvenor
2313,2313,Clea DuVall
2314,2314,Dan Beers
2315,2315,R. Balki
2316,2316,Michael Jai White
2317,2317,Marcus Raboy
2318,2318,Teemu Nikki
2319,2319,Peter Facinelli
2320,2320,Urmas Eero Liiv
2321,2321,Joko Anwar
2322,2322,Michael Pearce
2323,2323,Jung Huh
2324,2324,Susan Johnson
2325,2325,Arto Halonen
2326,2326,David L. Cunningham
2327,2327,Ben Foster
2328,2328,Simon Baker
2329,2329,Rustam Mosafir
2330,2330,Josh Mendoza
2331,2331,Peter Livolsi
2332,2332,Tim Kirkby
2333,2333,David Blair
2334,2334,Omri Dorani
2335,2335,Hannes Holm
2336,2336,Daniele Misischia
2337,2337,Timothy George Kelly
2338,2338,Agnès Jaoui
2339,2339,Vivian Qu
2340,2340,Ian Lagarde
2341,2341,Jorge Nunez
2342,2342,Todd Biermann
2343,2343,Robert Logevall
2344,2344,Sonya Pemberton
2345,2345,Govinda Van Maele
2346,2346,Sergey Loznitsa
2347,2347,Koen Mortier
2348,2348,Bill Eagles
2349,2349,Daina Reid
2350,2350,Owen Egerton
2351,2351,Damien Leone
2352,2352,J.T. Petty
2353,2353,Michael W. Watkins
2354,2354,Derek W. Hayes
2355,2355,Thomas Riedelsheimer
2356,2356,Steven Silver
2357,2357,Will Lockhart
2358,2358,Simon Wincer
2359,2359,James Choi
2360,2360,David Mickey Evans
